﻿<!-- Students ID: 00013836, 00014725, 00014896 -->
<Orders>
  <order order_ID="1">
    <OrderTime>2024-02-10T09:15:00</OrderTime>
    <DeliveryTime>2024-02-10T09:45:00</DeliveryTime>
    <PaymentStatus>1</PaymentStatus>
    <Meal meal_ID="2">
      <meal_title>Margherita Pizza</meal_title>
      <price>12.99</price>
      <size>Medium</size>
      <TimeToPrepare>00:20:00</TimeToPrepare>
      <IsForVegan>1</IsForVegan>
      <created_Date>2024-02-10T08:15:00</created_Date>
    </Meal>
    <Amount>1</Amount>
    <Total_Cost>12.99</Total_Cost>
    <Employee employee_ID="3">
      <FName>Bobur</FName>
      <LName>Uzoqov</LName>
      <Telephone>998-90-882-45-14</Telephone>
      <Job>cashier</Job>
      <Age>22</Age>
      <Salary>30000.00</Salary>
      <HireDate>2023-01-03T10:00:00</HireDate>
      <FullTime>1</FullTime>
    </Employee>
  </order>
  <order order_ID="2">
    <OrderTime>2024-02-10T08:30:00</OrderTime>
    <DeliveryTime>2024-02-10T09:00:00</DeliveryTime>
    <PaymentStatus>0</PaymentStatus>
    <Meal meal_ID="1">
      <meal_title>Cheeseburger</meal_title>
      <price>9.99</price>
      <size>Large</size>
      <TimeToPrepare>00:15:00</TimeToPrepare>
      <IsForVegan>0</IsForVegan>
      <created_Date>2024-02-10T08:00:00</created_Date>
    </Meal>
    <Amount>2</Amount>
    <Total_Cost>19.98</Total_Cost>
    <Employee employee_ID="2">
      <FName>Vali</FName>
      <LName>Utkirov</LName>
      <Telephone>998-90-872-86-72</Telephone>
      <Job>cook</Job>
      <Age>28</Age>
      <Salary>40000.00</Salary>
      <HireDate>2023-01-02T09:00:00</HireDate>
      <FullTime>1</FullTime>
    </Employee>
  </order>
  <order order_ID="3">
    <OrderTime>2024-02-10T10:00:00</OrderTime>
    <DeliveryTime>2024-02-10T10:30:00</DeliveryTime>
    <PaymentStatus>1</PaymentStatus>
    <Meal meal_ID="3">
      <meal_title>Caesar Salad</meal_title>
      <price>8.49</price>
      <size>Small</size>
      <TimeToPrepare>00:10:00</TimeToPrepare>
      <IsForVegan>1</IsForVegan>
      <created_Date>2024-02-10T08:30:00</created_Date>
    </Meal>
    <Amount>3</Amount>
    <Total_Cost>25.47</Total_Cost>
    <Employee employee_ID="1">
      <FName>Ali</FName>
      <LName>Sobirov</LName>
      <Telephone>998-90-852-87-74</Telephone>
      <Job>admin</Job>
      <Age>35</Age>
      <Salary>50000.00</Salary>
      <HireDate>2023-01-01T08:00:00</HireDate>
      <FullTime>1</FullTime>
    </Employee>
  </order>
  <order order_ID="4">
    <OrderTime>2024-02-10T11:00:00</OrderTime>
    <DeliveryTime>2024-02-10T11:30:00</DeliveryTime>
    <PaymentStatus>0</PaymentStatus>
    <Meal meal_ID="4">
      <meal_title>Chicken Alfredo</meal_title>
      <price>14.99</price>
      <size>Large</size>
      <TimeToPrepare>00:25:00</TimeToPrepare>
      <IsForVegan>0</IsForVegan>
      <created_Date>2024-02-10T09:00:00</created_Date>
    </Meal>
    <Amount>2</Amount>
    <Total_Cost>29.98</Total_Cost>
    <Employee employee_ID="5">
      <FName>Vadim</FName>
      <LName>Sergeyev</LName>
      <Telephone>998-90-952-32-26</Telephone>
      <Job>cashier</Job>
      <Age>25</Age>
      <Salary>32000.00</Salary>
      <HireDate>2023-01-05T12:00:00</HireDate>
      <FullTime>1</FullTime>
    </Employee>
  </order>
  <order order_ID="5">
    <OrderTime>2024-02-10T11:45:00</OrderTime>
    <DeliveryTime>2024-02-10T12:15:00</DeliveryTime>
    <PaymentStatus>1</PaymentStatus>
    <Meal meal_ID="5">
      <meal_title>Veggie Wrap</meal_title>
      <price>7.99</price>
      <size>Medium</size>
      <TimeToPrepare>00:12:00</TimeToPrepare>
      <IsForVegan>1</IsForVegan>
      <created_Date>2024-02-10T09:30:00</created_Date>
    </Meal>
    <Amount>1</Amount>
    <Total_Cost>7.99</Total_Cost>
    <Employee employee_ID="4">
      <FName>Vlad</FName>
      <LName>Volkov</LName>
      <Telephone>998-90-892-98-29</Telephone>
      <Job>cook</Job>
      <Age>30</Age>
      <Salary>45000.00</Salary>
      <HireDate>2023-01-04T11:00:00</HireDate>
      <FullTime>1</FullTime>
    </Employee>
  </order>
  <order order_ID="6">
    <OrderTime>2024-02-10T12:30:00</OrderTime>
    <DeliveryTime>2024-02-10T13:00:00</DeliveryTime>
    <PaymentStatus>1</PaymentStatus>
    <Meal meal_ID="6">
      <meal_title>Fish and Chips</meal_title>
      <price>11.49</price>
      <size>Large</size>
      <TimeToPrepare>00:18:00</TimeToPrepare>
      <IsForVegan>0</IsForVegan>
      <created_Date>2024-02-10T10:00:00</created_Date>
    </Meal>
    <Amount>3</Amount>
    <Total_Cost>34.47</Total_Cost>
    <Employee employee_ID="3">
      <FName>Bobur</FName>
      <LName>Uzoqov</LName>
      <Telephone>998-90-882-45-14</Telephone>
      <Job>cashier</Job>
      <Age>22</Age>
      <Salary>30000.00</Salary>
      <HireDate>2023-01-03T10:00:00</HireDate>
      <FullTime>1</FullTime>
    </Employee>
  </order>
  <order order_ID="7">
    <OrderTime>2024-02-10T13:30:00</OrderTime>
    <DeliveryTime>2024-02-10T14:00:00</DeliveryTime>
    <PaymentStatus>1</PaymentStatus>
    <Meal meal_ID="7">
      <meal_title>Tofu Stir-Fry</meal_title>
      <price>9.99</price>
      <size>Small</size>
      <TimeToPrepare>00:15:00</TimeToPrepare>
      <IsForVegan>1</IsForVegan>
      <created_Date>2024-02-10T10:30:00</created_Date>
    </Meal>
    <Amount>2</Amount>
    <Total_Cost>19.98</Total_Cost>
    <Employee employee_ID="2">
      <FName>Vali</FName>
      <LName>Utkirov</LName>
      <Telephone>998-90-872-86-72</Telephone>
      <Job>cook</Job>
      <Age>28</Age>
      <Salary>40000.00</Salary>
      <HireDate>2023-01-02T09:00:00</HireDate>
      <FullTime>1</FullTime>
    </Employee>
  </order>
  <order order_ID="8">
    <OrderTime>2024-02-10T14:15:00</OrderTime>
    <DeliveryTime>2024-02-10T14:45:00</DeliveryTime>
    <PaymentStatus>0</PaymentStatus>
    <Meal meal_ID="8">
      <meal_title>Spaghetti Bolognese</meal_title>
      <price>10.99</price>
      <size>Medium</size>
      <TimeToPrepare>00:22:00</TimeToPrepare>
      <IsForVegan>0</IsForVegan>
      <created_Date>2024-02-10T11:00:00</created_Date>
    </Meal>
    <Amount>1</Amount>
    <Total_Cost>10.99</Total_Cost>
    <Employee employee_ID="1">
      <FName>Ali</FName>
      <LName>Sobirov</LName>
      <Telephone>998-90-852-87-74</Telephone>
      <Job>admin</Job>
      <Age>35</Age>
      <Salary>50000.00</Salary>
      <HireDate>2023-01-01T08:00:00</HireDate>
      <FullTime>1</FullTime>
    </Employee>
  </order>
  <order order_ID="9">
    <OrderTime>2024-02-10T15:00:00</OrderTime>
    <DeliveryTime>2024-02-10T15:30:00</DeliveryTime>
    <PaymentStatus>1</PaymentStatus>
    <Meal meal_ID="9">
      <meal_title>Grilled Chicken Sandwich</meal_title>
      <price>8.99</price>
      <size>Large</size>
      <TimeToPrepare>00:17:00</TimeToPrepare>
      <IsForVegan>0</IsForVegan>
      <created_Date>2024-02-10T11:30:00</created_Date>
    </Meal>
    <Amount>3</Amount>
    <Total_Cost>26.97</Total_Cost>
    <Employee employee_ID="5">
      <FName>Vadim</FName>
      <LName>Sergeyev</LName>
      <Telephone>998-90-952-32-26</Telephone>
      <Job>cashier</Job>
      <Age>25</Age>
      <Salary>32000.00</Salary>
      <HireDate>2023-01-05T12:00:00</HireDate>
      <FullTime>1</FullTime>
    </Employee>
  </order>
  <order order_ID="10">
    <OrderTime>2024-02-10T16:00:00</OrderTime>
    <DeliveryTime>2024-02-10T16:30:00</DeliveryTime>
    <PaymentStatus>1</PaymentStatus>
    <Meal meal_ID="10">
      <meal_title>Vegetable Soup</meal_title>
      <price>6.49</price>
      <size>Small</size>
      <TimeToPrepare>00:08:00</TimeToPrepare>
      <IsForVegan>1</IsForVegan>
      <created_Date>2024-02-10T12:00:00</created_Date>
    </Meal>
    <Amount>2</Amount>
    <Total_Cost>12.98</Total_Cost>
    <Employee employee_ID="4">
      <FName>Vlad</FName>
      <LName>Volkov</LName>
      <Telephone>998-90-892-98-29</Telephone>
      <Job>cook</Job>
      <Age>30</Age>
      <Salary>45000.00</Salary>
      <HireDate>2023-01-04T11:00:00</HireDate>
      <FullTime>1</FullTime>
    </Employee>
  </order>
  <order order_ID="11">
    <OrderTime>2024-03-24T15:20:27.163</OrderTime>
    <DeliveryTime>2024-03-24T16:20:27.163</DeliveryTime>
    <PaymentStatus>0</PaymentStatus>
    <Meal meal_ID="11">
      <meal_title>Cheeseburger</meal_title>
      <price>9.99</price>
      <size>Large</size>
      <TimeToPrepare>00:15:00</TimeToPrepare>
      <IsForVegan>0</IsForVegan>
      <created_Date>2024-02-10T08:00:00</created_Date>
    </Meal>
    <Amount>4</Amount>
    <Total_Cost>39.96</Total_Cost>
    <Employee employee_ID="11">
      <FName>Vlad</FName>
      <LName>Volkov</LName>
      <Telephone>998-90-892-98-29</Telephone>
      <Job>cook</Job>
      <Age>30</Age>
      <Salary>45000.00</Salary>
      <HireDate>2023-01-04T11:00:00</HireDate>
      <FullTime>1</FullTime>
    </Employee>
  </order>
  <order order_ID="12">
    <OrderTime>2024-03-24T15:20:45.943</OrderTime>
    <DeliveryTime>2024-03-24T15:56:45.943</DeliveryTime>
    <PaymentStatus>0</PaymentStatus>
    <Meal meal_ID="12">
      <meal_title>Fish and Chips</meal_title>
      <price>11.49</price>
      <size>Large</size>
      <TimeToPrepare>00:18:00</TimeToPrepare>
      <IsForVegan>0</IsForVegan>
      <created_Date>2024-02-10T10:00:00</created_Date>
    </Meal>
    <Amount>2</Amount>
    <Total_Cost>22.98</Total_Cost>
    <Employee employee_ID="12">
      <FName>David</FName>
      <LName>Jones</LName>
      <Telephone>998-90-842-22-11</Telephone>
      <Job>cook</Job>
      <Age>40</Age>
      <Salary>48000.00</Salary>
      <HireDate>2023-01-06T13:00:00</HireDate>
      <FullTime>1</FullTime>
    </Employee>
  </order>
  <order order_ID="13">
    <OrderTime>2024-03-25T15:29:07.033</OrderTime>
    <DeliveryTime>2024-03-25T15:59:07.033</DeliveryTime>
    <PaymentStatus>1</PaymentStatus>
    <Meal meal_ID="13">
      <meal_title>Cheeseburger</meal_title>
      <price>9.99</price>
      <size>Large</size>
      <TimeToPrepare>00:15:00</TimeToPrepare>
      <IsForVegan>0</IsForVegan>
      <created_Date>2024-02-10T08:00:00</created_Date>
    </Meal>
    <Amount>2</Amount>
    <Total_Cost>19.98</Total_Cost>
    <Employee employee_ID="13">
      <FName>Vali</FName>
      <LName>Utkirov</LName>
      <Telephone>998-90-872-86-72</Telephone>
      <Job>cook</Job>
      <Age>28</Age>
      <Salary>40000.00</Salary>
      <HireDate>2023-01-02T09:00:00</HireDate>
      <FullTime>1</FullTime>
    </Employee>
  </order>
  <order order_ID="14">
    <OrderTime>2024-03-25T15:29:25.043</OrderTime>
    <DeliveryTime>2024-03-25T15:53:25.043</DeliveryTime>
    <PaymentStatus>1</PaymentStatus>
    <Meal meal_ID="14">
      <meal_title>Vegetable Soup</meal_title>
      <price>6.49</price>
      <size>Small</size>
      <TimeToPrepare>00:08:00</TimeToPrepare>
      <IsForVegan>1</IsForVegan>
      <created_Date>2024-02-10T12:00:00</created_Date>
    </Meal>
    <Amount>3</Amount>
    <Total_Cost>19.47</Total_Cost>
    <Employee employee_ID="14">
      <FName>David</FName>
      <LName>Jones</LName>
      <Telephone>998-90-842-22-11</Telephone>
      <Job>cook</Job>
      <Age>40</Age>
      <Salary>48000.00</Salary>
      <HireDate>2023-01-06T13:00:00</HireDate>
      <FullTime>1</FullTime>
    </Employee>
  </order>
</Orders>